dataset,algorithm,mechanism,rate,shd_mean,shd_std,fp_rate_mean,fp_rate_std,fn_rate_mean,fn_rate_std
asia,PC,MCAR,0.1,7.4,0.7701320979389588,0.4365873015873017,0.07309624987488143,0.6208333333333333,0.02282177322938192
asia,PC,MCAR,0.2,8.1,1.3480509557543976,0.49849206349206354,0.1224704702429463,0.6458333333333334,0.06633357881315405
asia,PC,MCAR,0.3,8.4,1.0034423509719619,0.5388888888888889,0.11084258740498121,0.75,0.07340252743933794
asia,PC,MCAR,0.5,8.533333333333333,0.7302967433402215,0.6555555555555554,0.2765874880930157,0.9125,0.05826144996242488
asia,PC,MAR,0.1,7.5,1.5256428831468234,0.4466666666666667,0.1452570716290176,0.6416666666666667,0.09128709291752769
asia,PC,MAR,0.2,8.7,1.5789564428051404,0.5796031746031746,0.17139855983115895,0.7625,0.1105920587034886
asia,PC,MAR,0.3,9.166666666666666,1.1768846465411842,0.6162698412698414,0.10948111421208362,0.775,0.06885767430246849
asia,PC,MAR,0.5,8.2,0.7611243951073873,0.4944444444444444,0.2607215648062981,0.8833333333333333,0.0317135164628078
asia,PC,MNAR,0.1,7.466666666666667,1.0416609195243756,0.44182539682539695,0.09598574216890705,0.6333333333333333,0.04564354645876384
asia,PC,MNAR,0.2,8.5,1.8523051807838309,0.5348412698412699,0.16201638590668835,0.6875,0.10250105129822513
asia,PC,MNAR,0.3,9.433333333333334,1.5905612397739564,0.655,0.1593875481078397,0.7916666666666666,0.11528325934435354
asia,PC,MNAR,0.5,9.0,1.9475891374404053,0.5802380952380953,0.17422140055394514,0.75,0.09284766908852593
asia,GES,MCAR,0.1,5.666666666666667,0.9222660747548282,0.3378968253968255,0.0666447325907997,0.4,0.06052927476393778
asia,GES,MCAR,0.2,5.666666666666667,0.9589266029707685,0.3398809523809525,0.06899858827644681,0.39166666666666666,0.05427156068191309
asia,GES,MCAR,0.3,7.033333333333333,2.125109868694554,0.42177248677248685,0.16364748264673193,0.5208333333333334,0.12748957586415835
asia,GES,MCAR,0.5,9.266666666666667,1.1724814044061256,0.7166666666666667,0.2048268121816715,0.9125,0.05826144996242488
asia,GES,MAR,0.1,5.2,0.9613209303008454,0.30178571428571427,0.06554426227121941,0.37916666666666665,0.05173012417466671
asia,GES,MAR,0.2,4.933333333333334,1.9640446187314118,0.28161375661375665,0.13874800632274056,0.35833333333333334,0.10754576678801907
asia,GES,MAR,0.3,5.833333333333333,1.533158410812033,0.33690476190476193,0.11251145674541628,0.44166666666666665,0.09700989403267012
asia,GES,MAR,0.5,10.533333333333333,1.3829836145670416,0.7877777777777779,0.1297605614991009,0.8958333333333334,0.05764162967217675
asia,GES,MNAR,0.1,5.133333333333334,0.43417248545530474,0.2964285714285715,0.0336862620444566,0.37916666666666665,0.022821773229381916
asia,GES,MNAR,0.2,5.5,1.5028708160235107,0.32751322751322753,0.09868903619799402,0.37916666666666665,0.08358439193242148
asia,GES,MNAR,0.3,5.6,1.1325893433586842,0.33402116402116416,0.0757863023496451,0.38333333333333336,0.05622205563860044
asia,GES,MNAR,0.5,5.433333333333334,1.0400044208570938,0.3134259259259259,0.0854319176837015,0.4,0.06885767430246847
sachs,PC,MCAR,0.1,26.333333333333332,4.325811331780539,0.7162994940477778,0.10137274587227081,0.6352941176470589,0.13851445637027665
sachs,PC,MCAR,0.2,23.833333333333332,2.913504032454123,0.6837441420758489,0.08335021034310541,0.647058823529412,0.10590488829376561
sachs,PC,MCAR,0.3,20.866666666666667,1.9605300714142442,0.692948347948348,0.08661669783099087,0.815686274509804,0.06686126790069828
sachs,PC,MCAR,0.5,17.333333333333332,0.7580980435789035,0.16666666666666666,0.3790490217894517,1.0,0.0
sachs,PC,MAR,0.1,26.5,4.447005966823691,0.7245568796827379,0.1048980952516105,0.6588235294117649,0.129614445745823
sachs,PC,MAR,0.2,23.666666666666668,4.079666427653067,0.6689378503869016,0.10255061372428591,0.6098039215686275,0.13332040664379086
sachs,PC,MAR,0.3,22.4,3.0805283917558355,0.6412748262516065,0.07707382944233819,0.6058823529411766,0.07899560400939998
sachs,PC,MAR,0.5,22.333333333333332,2.8567323186168294,0.7019527776145424,0.10758276414623232,0.7627450980392159,0.0970675309061605
sachs,PC,MNAR,0.1,24.833333333333332,4.283757079088831,0.6847730756403526,0.09445125375346769,0.6156862745098041,0.11110978535315867
sachs,PC,MNAR,0.2,25.966666666666665,4.286975731158298,0.7021677529183248,0.09801536545288796,0.6058823529411765,0.1400138060589942
sachs,PC,MNAR,0.3,27.333333333333332,4.773008400935651,0.760811660147035,0.11791434329209144,0.7235294117647061,0.13656253459900006
sachs,PC,MNAR,0.5,23.033333333333335,2.4980452127728734,0.8085582010582011,0.13615033079431405,0.8764705882352942,0.09566426996234648
sachs,GES,MCAR,0.1,27.466666666666665,4.248596793371157,0.8101960784313726,0.12416583217539154,0.8137254901960786,0.11974133252968486
sachs,GES,MCAR,0.2,22.866666666666667,2.012603963188903,0.7011351720175251,0.06794185017415887,0.743137254901961,0.06271762414057756
sachs,GES,MCAR,0.3,23.3,2.7183920196347313,0.7576475376475377,0.11233857049485665,0.827450980392157,0.0771360239665871
sachs,GES,MCAR,0.5,19.466666666666665,3.4813130037221676,0.3592592592592593,0.4809556023912687,0.996078431372549,0.014924007747203675
sachs,GES,MAR,0.1,29.433333333333334,2.0288154065914887,0.8664215686274511,0.05964447842863429,0.8666666666666667,0.05969603098881468
sachs,GES,MAR,0.2,28.133333333333333,3.980411807956501,0.8531656252244488,0.12233557911829247,0.8647058823529413,0.11472018426468562
sachs,GES,MAR,0.3,25.2,6.315825771220561,0.7770995834231127,0.21383917784509837,0.8058823529411765,0.18675252711405663
sachs,GES,MAR,0.5,21.633333333333333,4.122966234971206,0.6950982350982351,0.17706305097279182,0.7725490196078433,0.1388012954771622
sachs,GES,MNAR,0.1,30.0,0.0,0.8823529411764707,1.1292025708167404e-16,0.8823529411764707,1.1292025708167404e-16
sachs,GES,MNAR,0.2,29.4,1.4044264997156126,0.866149237472767,0.040552833666082096,0.8666666666666667,0.040675988663736534
sachs,GES,MNAR,0.3,28.233333333333334,3.3081230571004374,0.8695179738562093,0.10898153080051708,0.8823529411764707,0.10011328745844272
sachs,GES,MNAR,0.5,23.4,2.6076809620810595,0.7701698301698303,0.11283275416875614,0.8294117647058825,0.10052956071947822
